{"cameraMode":{"drawMode":0,"name":"Shaded","section":"Shading Mode"},"sceneLighting":true,"audioPlay":false,"sceneViewState":{"m_AlwaysRefresh":false,"showFog":true,"showSkybox":true,"showFlares":true,"showImageEffects":true,"showParticleSystems":true,"showVisualEffectGraphs":true,"m_FxEnabled":true},"in2DMode":false,"pivot":{"x":35.95000076293945,"y":1.9800000190734864,"z":26.510000228881837},"rotation":{"x":-0.17582455277442933,"y":-0.1479298323392868,"z":0.026747072115540506,"w":-0.972835123538971},"size":0.4330126941204071,"orthographic":false}