{"cameraMode":{"drawMode":0,"name":"Shaded","section":"Shading Mode"},"sceneLighting":true,"audioPlay":false,"sceneViewState":{"m_AlwaysRefresh":false,"showFog":true,"showSkybox":true,"showFlares":true,"showImageEffects":true,"showParticleSystems":true,"showVisualEffectGraphs":true,"m_FxEnabled":true},"in2DMode":false,"pivot":{"x":27.922584533691408,"y":16.261892318725587,"z":-8.486133575439454},"rotation":{"x":-0.33382076025009158,"y":0.40125906467437746,"z":-0.15996673703193665,"w":-0.8377965092658997},"size":5.747215747833252,"orthographic":false}